{"cameraMode":{"drawMode":0,"name":"Shaded","section":"Shading Mode"},"sceneLighting":true,"audioPlay":false,"sceneViewState":{"showFog":true,"showMaterialUpdate":false,"showSkybox":true,"showFlares":true,"showImageEffects":true,"showParticleSystems":true,"showVisualEffectGraphs":true,"m_FxEnabled":true},"in2DMode":false,"pivot":{"x":274.8140869140625,"y":201.3199462890625,"z":33.171226501464847},"rotation":{"x":0.046455610543489459,"y":-0.034455884248018268,"z":0.0016033492283895612,"w":0.9983246326446533},"size":314.7138366699219,"orthographic":false}